<?xml version="1.0" encoding="UTF-8"?>
<oval-def:oval_definitions
  xmlns:oval-def="http://oval.mitre.org/XMLSchema/oval-definitions-5"
  xmlns:xsi="http://www.w3.org/2001/XMLSchema-instance"
  xmlns:ind-def="http://oval.mitre.org/XMLSchema/oval-definitions-5#independent"  
  xmlns:oval="http://oval.mitre.org/XMLSchema/oval-common-5"
  xsi:schemaLocation="http://oval.mitre.org/XMLSchema/oval-definitions-5#independent http://oval.mitre.org/language/version5.10.1/ovaldefinition/complete/independent-definitions-schema.xsd
  	http://oval.mitre.org/XMLSchema/oval-definitions-5 http://oval.mitre.org/language/version5.10.1/ovaldefinition/complete/oval-definitions-schema.xsd
  	http://oval.mitre.org/XMLSchema/oval-common-5 http://oval.mitre.org/language/version5.10.1/ovaldefinition/complete/oval-common-schema.xsd" >
  <oval-def:generator>
		<oval:schema_version>5.11.1</oval:schema_version>
		<oval:timestamp>2015-08-12T16:14:00</oval:timestamp>
	</oval-def:generator>
  <oval-def:definitions>
    <oval-def:definition id="oval:mil.disa.fso.mss2012:def:2" version="1" class="compliance">
      <oval-def:metadata>
        <oval-def:title>SQL Server utilizing Discretionary Access Control (DAC) must enforce a policy that limits propagation of access rights.</oval-def:title>
        <oval-def:affected family="windows">
          <oval-def:platform>Microsoft Windows Server 2012</oval-def:platform>
        </oval-def:affected>
        <oval-def:description>Discretionary Access Control (DAC) is based on the premise that individual users are "owners" of objects and therefore have discretion over who should be authorized to access the object and in which mode (e.g. right or write). Owvership is usually acquired as a consequence of creating the object or via specified ownership assignment. DAC allows the owner to determine who will have access to objects they control. An example of DAC includes user-controlled file permissions. DAC models have the potential for the access controls to propagate without limit, resulting in unauthorized access to said objects. When applications provide a discretionary access control mechanism, the application must be able to limit the propagation of those access rights. The DBMS must ensure the recipient of permissions possesses only the access intended. The database must enforce the ability to limit rights propagation if that is the intent of the grantor. If the propagation of acess rights is not limited, users with rights to objects they do not own can continue to grant rights to those objects to other users without limit.</oval-def:description>
      </oval-def:metadata>
      <oval-def:criteria>
        <oval-def:criterion test_ref="oval:mil.disa.fso.mss2012:tst:2"/>
      </oval-def:criteria>
    </oval-def:definition>
    <oval-def:definition id="oval:mil.disa.fso.mss2012:def:3" version="1" class="compliance">
      <oval-def:metadata>
        <oval-def:title>SQL Server must employ cryptographic mechanisms preventing the unauthorized disclosure of information at rest, unless the data is otherwise protected by alternative physical measures.</oval-def:title>
        <oval-def:affected family="windows">
          <oval-def:platform>Microsoft Windows Server 2012</oval-def:platform>
        </oval-def:affected>
        <oval-def:description>This control is intended to address the confidentiality and integrity of information at rest in non-mobile devices and covers user information and system information. If the data is not encrypted or protected by other means, it is subject to compromise and unauthorized discolsure.</oval-def:description>
      </oval-def:metadata>
      <oval-def:criteria>
        <oval-def:criterion test_ref="oval:mil.disa.fso.mss2012:tst:3"/>
      </oval-def:criteria>
    </oval-def:definition>
    <oval-def:definition id="oval:mil.disa.fso.mss2012:def:4" version="1" class="compliance">
      <oval-def:metadata>
        <oval-def:title>Database Master Key passwords must not be stored in credentials within the database.</oval-def:title>
        <oval-def:affected family="windows">
          <oval-def:platform>Microsoft Windows Server 2012</oval-def:platform>
        </oval-def:affected>
        <oval-def:description>Storage of the Database Master Key password in a database credential allows dectryption of sensitive data by privileged users who may not have a need-to-know requirement to access the data.</oval-def:description>
      </oval-def:metadata>
      <oval-def:criteria>
        <oval-def:criterion test_ref="oval:mil.disa.fso.mss2012:tst:4"/>
      </oval-def:criteria>
    </oval-def:definition>
    <oval-def:definition id="oval:mil.disa.fso.mss2012:def:5" version="1" class="compliance">
      <oval-def:metadata>
        <oval-def:title>SQL Server must provide audit record generation capability for organization-defined auditable events within the database.</oval-def:title>
        <oval-def:affected family="windows">
          <oval-def:platform>Microsoft Windows Server 2012</oval-def:platform>
        </oval-def:affected>
        <oval-def:description>Audit records can be generatred from various components within the information system (e.g. network interface, hard disk, modem, etc.). From an application perspective, certain specific application funtionalities may be audited as well. The list of audtied events is the set of events for which audits are to be generated. This set of events is typically a subset of the list of all events for which the system is capable of generating audit recores. Examples are auditable events, time stamps, source and destination addresses, user/process identifiers, event descriptions, success/fail indications, file names involved, and access control or flow control rules invoked. Organizations define which application components shall provide auditable events. The DBMS must provide auditing for the list of events defined by the organizations or risk negatively impacting forensic investigations into malicious behavior in the information system.</oval-def:description>
      </oval-def:metadata>
      <oval-def:criteria>
        <oval-def:criterion test_ref="oval:mil.disa.fso.mss2012:tst:5"/>
      </oval-def:criteria>
    </oval-def:definition>
  </oval-def:definitions>
  <oval-def:tests>
    <ind-def:sqlext_test id="oval:mil.disa.fso.mss2012:tst:2" version="1" check_existence="none_exist" check="all" comment="If any noncompliant system characterisitics are discovered, this is a finding">
      <ind-def:object object_ref="oval:mil.disa.fso.mss2012:obj:2"/>
    </ind-def:sqlext_test>
    <ind-def:sqlext_test id="oval:mil.disa.fso.mss2012:tst:3" version="1" check_existence="none_exist" check="all" comment="If any noncompliant system characterisitics are discovered, this is a finding">
      <ind-def:object object_ref="oval:mil.disa.fso.mss2012:obj:3"/>
    </ind-def:sqlext_test>
    <ind-def:sqlext_test id="oval:mil.disa.fso.mss2012:tst:4" version="1" check_existence="only_one_exists" check="all" comment="If count is not 0, this is a finding">
      <ind-def:object object_ref="oval:mil.disa.fso.mss2012:obj:4"/>
      <ind-def:state state_ref="oval:mil.disa.fso.mss2012:ste:1"/>
    </ind-def:sqlext_test>
    <ind-def:sqlext_test id="oval:mil.disa.fso.mss2012:tst:5" version="1" check_existence="all_exist" check="all" comment="If any required event ID's are missing, this is a finding">
      <ind-def:object object_ref="oval:mil.disa.fso.mss2012:obj:6"/>
    </ind-def:sqlext_test>
  </oval-def:tests>
  <oval-def:objects>
    <ind-def:sqlext_object id="oval:mil.disa.fso.mss2012:obj:2" version="1">
      <ind-def:behaviors context="instance"/>
      <ind-def:engine var_ref="oval:mil.disa.fso.mss2012:var:1"/>
      <ind-def:version var_ref="oval:mil.disa.fso.mss2012:var:2"/>
      <ind-def:instance operation="pattern match">.*</ind-def:instance>
      <ind-def:database xsi:nil="true"/>
      <ind-def:sql>SELECT * FROM sys.server_permissions WHERE lower(state_desc) != 'grant'</ind-def:sql>
    </ind-def:sqlext_object>
    <ind-def:sqlext_object id="oval:mil.disa.fso.mss2012:obj:3" version="1">
      <ind-def:behaviors context="instance"/>
      <ind-def:engine var_ref="oval:mil.disa.fso.mss2012:var:1"/>
      <ind-def:version var_ref="oval:mil.disa.fso.mss2012:var:2"/>
      <ind-def:instance operation="pattern match">.*</ind-def:instance>
      <ind-def:database xsi:nil="true"/>
      <ind-def:sql>SELECT * FROM master.sys.databases WHERE is_encrypted != 1</ind-def:sql>
    </ind-def:sqlext_object>
    <ind-def:sqlext_object id="oval:mil.disa.fso.mss2012:obj:4" version="1">
      <ind-def:behaviors context="instance"/>
      <ind-def:engine var_ref="oval:mil.disa.fso.mss2012:var:1"/>
      <ind-def:version var_ref="oval:mil.disa.fso.mss2012:var:2"/>
      <ind-def:instance operation="pattern match">.*</ind-def:instance>
      <ind-def:database xsi:nil="true"/>
      <ind-def:sql>SELECT COUNT(credential_id) AS count FROM master.sys.master_key_passwords</ind-def:sql>
    </ind-def:sqlext_object>
    <ind-def:sqlext_object id="oval:mil.disa.fso.mss2012:obj:5" version="1">
      <ind-def:behaviors context="instance"/>
      <ind-def:engine var_ref="oval:mil.disa.fso.mss2012:var:1"/>
      <ind-def:version var_ref="oval:mil.disa.fso.mss2012:var:2"/>
      <ind-def:instance operation="pattern match">.*</ind-def:instance>
      <ind-def:database xsi:nil="true"/>
      <ind-def:sql>SELECT DISTINCT(traceid) FROM sys.fn_trace_getinfo(0)</ind-def:sql>
    </ind-def:sqlext_object>
    <ind-def:sqlext_object id="oval:mil.disa.fso.mss2012:obj:6" version="1">
      <ind-def:behaviors context="instance"/>
      <ind-def:engine var_ref="oval:mil.disa.fso.mss2012:var:1"/>
      <ind-def:version var_ref="oval:mil.disa.fso.mss2012:var:2"/>
      <ind-def:instance operation="pattern match">.*</ind-def:instance>
      <ind-def:database xsi:nil="true"/>
      <ind-def:sql var_ref="oval:mil.disa.fso.mss2012:var:3"/>
    </ind-def:sqlext_object>
  </oval-def:objects>
  <oval-def:states>
    <ind-def:sqlext_state id="oval:mil.disa.fso.mss2012:ste:1" version="1">
      <ind-def:result>
        <oval-def:field name="count">0</oval-def:field>
      </ind-def:result>
    </ind-def:sqlext_state>
  </oval-def:states>
  <oval-def:variables>
    <oval-def:constant_variable id="oval:mil.disa.fso.mss2012:var:1" version="1" datatype="string" comment="Microsoft SQL Server DBMS">
      <oval-def:value>sqlserver</oval-def:value>
    </oval-def:constant_variable>
    <oval-def:constant_variable id="oval:mil.disa.fso.mss2012:var:2" version="1" datatype="string" comment="Microsoft SQL Server version 2012">
      <oval-def:value>2012</oval-def:value>
    </oval-def:constant_variable>
    <oval-def:local_variable id="oval:mil.disa.fso.mss2012:var:3" version="1" datatype="string" comment="Resolve each trace ID into a set of event ID's">
      <oval-def:concat>
        <oval-def:variable_component var_ref="oval:mil.disa.fso.mss2012:var:4"/>
        <oval-def:object_component object_ref="oval:mil.disa.fso.mss2012:obj:5" item_field="result" record_field="traceid"/>
        <oval-def:variable_component var_ref="oval:mil.disa.fso.mss2012:var:5"/>
        <oval-def:variable_component var_ref="oval:mil.disa.fso.mss2012:var:6"/>
      </oval-def:concat>
    </oval-def:local_variable>
    <oval-def:constant_variable id="oval:mil.disa.fso.mss2012:var:4" version="1" datatype="string" comment="SQL query string beginning segment">
      <oval-def:value>SELECT DISTINCT(eventid) FROM sys.fn_trace_geteventinfo(</oval-def:value>
    </oval-def:constant_variable>
    <oval-def:constant_variable id="oval:mil.disa.fso.mss2012:var:5" version="1" datatype="string" comment="SQL query string middle segment">
      <oval-def:value>) WHERE eventid = </oval-def:value>
    </oval-def:constant_variable>
    <oval-def:constant_variable id="oval:mil.disa.fso.mss2012:var:6" version="1" datatype="string" comment="Set of required event ID's">
      <oval-def:value>14</oval-def:value>
      <oval-def:value>15</oval-def:value>
      <oval-def:value>18</oval-def:value>
      <oval-def:value>20</oval-def:value>
      <oval-def:value>102</oval-def:value>
      <oval-def:value>103</oval-def:value>
      <oval-def:value>104</oval-def:value>
      <oval-def:value>105</oval-def:value>
      <oval-def:value>106</oval-def:value>
      <oval-def:value>107</oval-def:value>
      <oval-def:value>108</oval-def:value>
      <oval-def:value>109</oval-def:value>
      <oval-def:value>110</oval-def:value>
      <oval-def:value>112</oval-def:value>
      <oval-def:value>113</oval-def:value>
      <oval-def:value>115</oval-def:value>
      <oval-def:value>116</oval-def:value>
      <oval-def:value>117</oval-def:value>
      <oval-def:value>118</oval-def:value>
      <oval-def:value>128</oval-def:value>
      <oval-def:value>129</oval-def:value>
      <oval-def:value>130</oval-def:value>
      <oval-def:value>131</oval-def:value>
      <oval-def:value>132</oval-def:value>
      <oval-def:value>133</oval-def:value>
      <oval-def:value>134</oval-def:value>
      <oval-def:value>135</oval-def:value>
      <oval-def:value>152</oval-def:value>
      <oval-def:value>153</oval-def:value>
      <oval-def:value>170</oval-def:value>
      <oval-def:value>171</oval-def:value>
      <oval-def:value>172</oval-def:value>
      <oval-def:value>173</oval-def:value>
      <oval-def:value>175</oval-def:value>
      <oval-def:value>176</oval-def:value>
      <oval-def:value>177</oval-def:value>
      <oval-def:value>178</oval-def:value>
    </oval-def:constant_variable>
  </oval-def:variables>
</oval-def:oval_definitions>