<?xml version="1.0" encoding="UTF-8"?>
<oval-def:oval_definitions
	xmlns:oval-def="http://oval.mitre.org/XMLSchema/oval-definitions-5"
	xmlns:xsi="http://www.w3.org/2001/XMLSchema-instance"
	xmlns:ind-def="http://oval.mitre.org/XMLSchema/oval-definitions-5#independent"  
	xmlns:oval="http://oval.mitre.org/XMLSchema/oval-common-5"
	xsi:schemaLocation="http://oval.mitre.org/XMLSchema/oval-definitions-5#independent http://oval.mitre.org/language/version5.10.1/ovaldefinition/complete/independent-definitions-schema.xsd
	http://oval.mitre.org/XMLSchema/oval-definitions-5 http://oval.mitre.org/language/version5.10.1/ovaldefinition/complete/oval-definitions-schema.xsd
	http://oval.mitre.org/XMLSchema/oval-common-5 http://oval.mitre.org/language/version5.10.1/ovaldefinition/complete/oval-common-schema.xsd" >
	<oval-def:generator>
		<oval:schema_version>5.11.1</oval:schema_version>
		<oval:timestamp>2015-08-12T16:14:00</oval:timestamp>
	</oval-def:generator>
	<oval-def:definitions>
		<oval-def:definition id="oval:mil.disa.fso.mss2012:def:1" version="1" class="compliance">
			<oval-def:metadata>
				<oval-def:title>SQL Server 2012 STIG benchmark applicability.</oval-def:title>
				<oval-def:affected family="windows">
					<oval-def:platform>Microsoft Windows Server 2012</oval-def:platform>
				</oval-def:affected>
				<oval-def:description>Conduct a SQL Server 2012 STIG benchmark evaluation if at least one instance is currently online.</oval-def:description>
			</oval-def:metadata>
			<oval-def:criteria>
				<oval-def:criterion test_ref="oval:mil.disa.fso.mss2012:tst:1"/>
			</oval-def:criteria>
		</oval-def:definition>
	</oval-def:definitions>
	<oval-def:tests>
		<ind-def:sqlext_test id="oval:mil.disa.fso.mss2012:tst:1" version="1" check_existence="at_least_one_exists" check="all" comment="This benchmark is applicable if at least one SQL Server 2012 instance is online.">
			<ind-def:object object_ref="oval:mil.disa.fso.mss2012:obj:1"/>
		</ind-def:sqlext_test>
	</oval-def:tests>
	<oval-def:objects>
		<ind-def:sqlext_object id="oval:mil.disa.fso.mss2012:obj:1" version="1">
			<ind-def:behaviors context="instance"/>
			<ind-def:engine>sqlserver</ind-def:engine>
			<ind-def:version>2012</ind-def:version>
			<ind-def:instance operation="pattern match">.*</ind-def:instance>
			<ind-def:database xsi:nil="true"/>
			<ind-def:sql xsi:nil="true"/>
		</ind-def:sqlext_object>
	</oval-def:objects>
</oval-def:oval_definitions>